INSERT INTO Username( firstname, lastname, address, postalcode, city, name,
 password, email) VALUES ('Make', 'Makkonen', 'Pengerkatu 5 A 5', '00150',
 'Helsinki', 'makemies', 'makeonjees', 'esimerkki.kayttaja@gmail.com');

INSERT INTO Username( firstname, lastname, address, postalcode, city, name,
 password, email) VALUES ('Liisa', 'Laatu', 'Pengerkatu 6 A 8', '00150',
 'Espoo', 'laatunainen', 'laadullaonväliä', 'esimerkki.kayttaja@me.com');

INSERT INTO Username( firstname, lastname, address, postalcode, city, name,
 password, email) VALUES ('Make', 'Mikkonen', 'Alkonkatu 4 B 12', '00160',
 'Helsinki', 'mikkonen', 'mikkonen12', 'esimerkki.kayttaja@helsinki.fi');

INSERT INTO Poster (name, publisher, artist, price, location, height, width, image, fileType) 
VALUES ('Eye', 1, 'Make Makkonen', 23, 'Helsinki', 50, 40, 'iVBORw0KGgoAAAANSUhEUgAAAQAAAAEACAYAAABccqhmAAAABmJLR0QA/wD/AP+gvaeTAAAACXBIWXMAAAsTAAALEwEAmpwYAAAAB3RJTUUH4QUDCjcKttyO5QAAABl0RVh0Q29tbWVudABDcmVhdGVkIHdpdGggR0lNUFeBDhcAAA0+SURBVHja7Z1vaJVlH8e/O+3MbcY6G2NgpghqBattIIFILyaRJsnU2pvpCoWYkThFWm98rTUM1IxAzMr/kKINUzb8y05tKEimqDTUqW9m22xYOrep3b15tsfjOat5POfs3Nfv84F44Hg/et/X9ft+rt91nXO2DM/zPAGASQIMAQACAAAEAAAIAAAQAAAgAABAAACAAAAAAQAAAgAABAAACAAAEAAAIAAAQAAAgAAAAAEAAAIAAAQAAAgAABAAACAAAEAAAIAAAAABAAACAAAEAAAIAAAQAAAgAABAAACAAAAAAQAAAgAABAAACAAAEAAAAgAABAAA9shkCJ6ejIwMSZLneQxGgmisqkrr+3trzx43atdzpGoHQ/jxxx9r3bp1KQ0pArATfNdE4JwAgsGgzp8/r5deeomQEnyEYE0AkjR79mw1NjYiAEKPCP4D5w4B58yZo6amJjU0NIzo+oGBAdXX16usrEy5ubnKzc1VWVmZ1q1bp/v3749YPo8K6NHX7ty5oyVLlui5557TuHHjtHHjRknSH3/8oerqauXn56uwsFCrV6+OktORI0c0d+5chUIh5ebmasaMGTp27FjUv3/lyhVVVFTo2WefVWFhoT788EP19vbGvC9J2rlzp8rLyxUKhTRmzBhNmTJFn3zyiW7fvp2y4Lscfj89o3MdwKVLl/Tqq69qwoQJunjxorKzs4ftAPr7+zVr1iw1NzfH/DtnzpyppqYmBYPBJz4DGHxtwYIFOnDgQMT1DQ0NWrNmjU6fPh3x+vbt2/Xee+/F7GoGCQaDam1t1bRp0yRJ3d3dKikpUUdHR8R177zzjvbv3x9xX57nqbq6Wrt37475HMXFxWppaVFeXh6rvpGuwLkO4OWXX9ayZcvU3t4e8zDwUTZs2KDm5maFQiF988036uzsVGdnp7Zu3aq8vDydOHFCGzZseKr7aW9v16+//qrbt2/ro48+kiS9//77GhgYiHp98+bNEf/fyspKnTlzRn19fbpy5YoWLFig+/fv6/PPPx+6pr6+Xh0dHZo0aZJOnjypv/76SydPntSZM2ei7mXr1q3avXu3XnjhBX3//ffq6upSb2+vWlpa9Nprr+nChQtau3Yt4TfUFTjXAXiep56eHk2dOlX37t3TpUuXNHHixJirdGlpqc6dO6dvv/1WixcvjgrLBx98oLKyMv3yyy9xdwCtra2aPn26JKmjo0PPP//8sK8XFRXp999/H/bf6erqUlFRkSZMmKAbN24MCe+3337TwYMHNXfu3KFrDx48qIqKioj7mj59uk6dOqVwOKzXX3894u++evWqJk+erKlTp6qtrY3wG+kGnBSAJH311VdatmyZKisrtXfv3pghzcnJUV9fn7q6ulRYWBgzbDk5Oert7Y1bAH19fRozZszQnwcCgWFfz8jI0N9//y1JevjwodavX69du3apra0t4h6ysrLU398vScrOzlZ/f796enoUCoWGrunp6VFBQUHEfY0dO/Y/nyUYDGpgYIDwG5GAs58EXLp0qV555RXt27dPx48fH7X7GAz543v6WK8/KpC6ujrV1dXp7NmzUaGNN6Ajcf1IDz4Jvxtj46wAnnnmmaH9+/Lly2Ne8+KLL0qSDh8+HPVnP/74oyRFfZ4gVWzbtm3of2/duqUHDx7o1q1bUddNmjRJkvTTTz9FvP7zzz9HXVtcXCxJOn36tDzPG/Y/wm9HAk5/F+CNN97QvHnzdPHixZh/vnDhQknSypUrtX37dnV3d6u7u1vfffedVq1aFXFNqhkMYl5ensaOHavr16+rpqYm6rrBfX9tba3C4bDu3r2rcDis2traqGsHDxsrKir09ddf69q1a7p37576+/vV1tamLVu2aMaMGYTfkAScPQMY5PLlyyouLh5qmx9/G/DNN99UOByO+XeWl5erqalJWVlZcZ8BPH4/I3190aJFUW/XzZ8/Xz/88EPEdZ2dnSotLdXNmzcjrp03b54aGhqUmZkZ0dbX1tZq06ZNT71VQABunAk4/23AKVOmaMWKFcPuz48cOaLPPvtMJSUlys7OVk5OjkpKSlRfXz+i8CeLTZs2adGiRSooKFAoFNKSJUu0Y8eOqOuKiorU3Nyst99+W7m5uSooKFBNTY0+/fRTSVJ+fn7E9V988YWOHj2qyspKjR8/XsFgUDk5OSouLtaqVat09uxZwm8IZzoAiOTLL7/U8uXLVV5erhMnTpja19IF0AGYYv78+QqHw/rzzz/V0dGhLVu2aPXq1ZKkd999l/BzHkAH4HQbF+Mjw5I0bdo0tbS0pHQbgwD81QXQATjAoUOHNHv2bI0bN05ZWVmaPHmy6urqdPz48VE7wwB/SJQOAFj9DXcC/EgwIBSGxUYHAL4ISTp8bn40RJDs56YDAFb8OO7Fla6ADgDSdmX0w4/VSoUIkjkOvAsA8JThTLaokikZBAC0/j6432RJAAEAGJYAAgBWf8MSQAAAhkEAkFYrkiu/c88vY44AAAxvYRAAAFsAAPBTF5CobQACgLTZ/wMdALBq8jwpFDACADAsAQQAYLizQQAAKZJAskTwNF0AAgBWScMgAAAHRBdvF4AAABwhHgkgAADD2x0EAGC4C+CHgo7i/sullQSefO7S4ZOUCMCHwY/330cYdupypHPNFiDOAfbj5+D9et+cBXAGwKqPCJBAEuqULYCh4A/3TGwN7EIHYDT8dARsBRAA4Tf7rIAACATP7HQXMJK5RAAEgWc3vBVAAAQADNcyAiD8jANnAEDRAwIg/ADOnQP8W20jAMIPdACEH8DlLgABEH4ABED4gXo3LgDCn15tKIze+AcIP4BdMgm/Pyyeyntn9bdDhud5HuF3L0TxPu+T3He6dFOuCisZ4/v4WJkQgLXwx/vsT3rf6bidck0GiR5jcwKwHP6RjkM89+yXsxS/CyHZXQA/EsxIsfn1PCJR98q5RmycfheAgzP/d1TW7xsBsPITIsP3n+wvBwUoVsJvCToBAx0A4Sc4Lj1LMuuMLUCcE8LKjwToAAxOLMGnVlx69gATSviRgN1tQICJBCRgt3YCTCCrP9iVQICJI/xgUwKNVVW8C0D4GQe/SCAZcxBgsih6sNsJ0AEAQjQsgQATRLEzLnYlQAdA+Bkfw2Pvy58HwHv+6VGIiZyHkRZ2que+sarKaeHRAbC6+W5+rH8XI5HPjgAIv+9lQMeJAAg/c4cELAggFT8qGZCAFQIUDoXDXPqvC0jUs7IFACRAB2C3/Qf35jaZEnCtBukAgE6ADoAiAfc6POYXAQCACwJg/08XQBdAB0BhMIaQQPjloHQ3zgc70V9cQgDg9LZmtO/L9W/gIQDj+39WI0AARltcwh/fONERGBUAv5QSGLvkwecAKGBAAACAAAysmqOxl2T1BwQAAAjA2uoPgAAMQ/sPCADAEVzrIhEAAB0A+38AizVEBwDgQxK1SJoQAKs/UEN0AACEHwEAEH4zAqD9B9dqJ5GH5M4LgA/iAAvH8PAjwShkJGm4a+QMANgmGR4LBABI4H/Pb3EM2AJARAjSfTtAt2KgA2CSGXtgCwBIIAoOLBEAGMeyBBL97AEmGNgK0AEAsBVAAACAAAA4C0AATCohAXfn8q09e/g2IDB+dADAygEm5xABgK+7AOSGAABY/REA+1fGkvA/6XzSAVBISIAtACABsLb6IwBaZzAuawRAYYHhBQkBABiWdMDqg1NgYG1uYm1H6QCMngPEW2icabglZgRAwYGBuRhO3AjAcBcQb+HRBbgj4gCDgAQaq6roBhwe93+ru0zCBmwJ3B3j/8oBvxgEwLBcEQCAo4EfSRecyWClflJotQl9umyBM10NGQALF1sAugAwF/gnWQARABIgmIa7Xz4IxFYFDNdTgEHgfsFu3dMBIAEwXD8IAAmA4bpxTgB+PhBCApDqeqEDSMNJRQSQqsUCAdANgOHaQABIAAzXBAJAAmB4axigyJEA2As+HQCFAIif7wL4tSj4/DvBRwDGiwQJEHgEQOEgAoKPACik/4MQCD0CoMiiQAwEHgFQjIjBcODTUgAUIGIg8HQA4HhxJ1oofC7i6eGDQAAIAAAQAECS4DwBAfhy3wrMMwJgpQFAAABIGQFQcAAIAID9PwIAAASA0YHtGAKg8IDFAgEwsYCEEQAFCIAAgNUfEAAA20QEkNoJZiUCoAMAn7f/rP5GBMBEA9ABAKs/iwIC4ByAcQZzAsD4AHQArE6ML4sBAgDkCgiAQmVMwY4AaP3SP/iE3//wm4EgbVd8FgHjWwA+Gky7D5wBgMHws/ojAAqBlR/oAMBa+JE+AmBFS4MxIvzuk+F5nmc1tBRbesmR+aADAMIPCICtgIV2n/CPPnwQCAGOKoQfAYx6CCwVYTp1PYQfAYDR7Q7h5wyAgjGwv2cuEQCrI8En/AiA4rEuNOaPM4C0Do1fCzTdOxiCn7745pOAqSr4dC5WP25VCD8C8G0YRrN4XTiXIPxsAdhLG4Xw0wEQUIIPaQ5vAwLhpwOgTQeCzxkAAMFnC0ARAuNug38AZOf+iChbrioAAAAASUVORK5CYII=', 'image/png');

INSERT INTO Poster (name, publisher, artist, price, location, height, width, image, fileType) 
VALUES ('Young and beautiful', 2, 'Liisa Laatu', 15, 'Espoo', 100, 70, 'iVBORw0KGgoAAAANSUhEUgAAAQAAAAEACAYAAABccqhmAAAABmJLR0QA/wD/AP+gvaeTAAAACXBIWXMAAAsTAAALEwEAmpwYAAAAB3RJTUUH4QUDCjcKttyO5QAAABl0RVh0Q29tbWVudABDcmVhdGVkIHdpdGggR0lNUFeBDhcAAA0+SURBVHja7Z1vaJVlH8e/O+3MbcY6G2NgpghqBattIIFILyaRJsnU2pvpCoWYkThFWm98rTUM1IxAzMr/kKINUzb8y05tKEimqDTUqW9m22xYOrep3b15tsfjOat5POfs3Nfv84F44Hg/et/X9ft+rt91nXO2DM/zPAGASQIMAQACAAAEAAAIAAAQAAAgAABAAACAAAAAAQAAAgAABAAACAAAEAAAIAAAQAAAgAAAAAEAAAIAAAQAAAgAABAAACAAAEAAAIAAAAABAAACAAAEAAAIAAAQAAAgAABAAACAAAAAAQAAAgAABAAACAAAEAAAAgAABAAA9shkCJ6ejIwMSZLneQxGgmisqkrr+3trzx43atdzpGoHQ/jxxx9r3bp1KQ0pArATfNdE4JwAgsGgzp8/r5deeomQEnyEYE0AkjR79mw1NjYiAEKPCP4D5w4B58yZo6amJjU0NIzo+oGBAdXX16usrEy5ubnKzc1VWVmZ1q1bp/v3749YPo8K6NHX7ty5oyVLlui5557TuHHjtHHjRknSH3/8oerqauXn56uwsFCrV6+OktORI0c0d+5chUIh5ebmasaMGTp27FjUv3/lyhVVVFTo2WefVWFhoT788EP19vbGvC9J2rlzp8rLyxUKhTRmzBhNmTJFn3zyiW7fvp2y4Lscfj89o3MdwKVLl/Tqq69qwoQJunjxorKzs4ftAPr7+zVr1iw1NzfH/DtnzpyppqYmBYPBJz4DGHxtwYIFOnDgQMT1DQ0NWrNmjU6fPh3x+vbt2/Xee+/F7GoGCQaDam1t1bRp0yRJ3d3dKikpUUdHR8R177zzjvbv3x9xX57nqbq6Wrt37475HMXFxWppaVFeXh6rvpGuwLkO4OWXX9ayZcvU3t4e8zDwUTZs2KDm5maFQiF988036uzsVGdnp7Zu3aq8vDydOHFCGzZseKr7aW9v16+//qrbt2/ro48+kiS9//77GhgYiHp98+bNEf/fyspKnTlzRn19fbpy5YoWLFig+/fv6/PPPx+6pr6+Xh0dHZo0aZJOnjypv/76SydPntSZM2ei7mXr1q3avXu3XnjhBX3//ffq6upSb2+vWlpa9Nprr+nChQtau3Yt4TfUFTjXAXiep56eHk2dOlX37t3TpUuXNHHixJirdGlpqc6dO6dvv/1WixcvjgrLBx98oLKyMv3yyy9xdwCtra2aPn26JKmjo0PPP//8sK8XFRXp999/H/bf6erqUlFRkSZMmKAbN24MCe+3337TwYMHNXfu3KFrDx48qIqKioj7mj59uk6dOqVwOKzXX3894u++evWqJk+erKlTp6qtrY3wG+kGnBSAJH311VdatmyZKisrtXfv3pghzcnJUV9fn7q6ulRYWBgzbDk5Oert7Y1bAH19fRozZszQnwcCgWFfz8jI0N9//y1JevjwodavX69du3apra0t4h6ysrLU398vScrOzlZ/f796enoUCoWGrunp6VFBQUHEfY0dO/Y/nyUYDGpgYIDwG5GAs58EXLp0qV555RXt27dPx48fH7X7GAz543v6WK8/KpC6ujrV1dXp7NmzUaGNN6Ajcf1IDz4Jvxtj46wAnnnmmaH9+/Lly2Ne8+KLL0qSDh8+HPVnP/74oyRFfZ4gVWzbtm3of2/duqUHDx7o1q1bUddNmjRJkvTTTz9FvP7zzz9HXVtcXCxJOn36tDzPG/Y/wm9HAk5/F+CNN97QvHnzdPHixZh/vnDhQknSypUrtX37dnV3d6u7u1vfffedVq1aFXFNqhkMYl5ensaOHavr16+rpqYm6rrBfX9tba3C4bDu3r2rcDis2traqGsHDxsrKir09ddf69q1a7p37576+/vV1tamLVu2aMaMGYTfkAScPQMY5PLlyyouLh5qmx9/G/DNN99UOByO+XeWl5erqalJWVlZcZ8BPH4/I3190aJFUW/XzZ8/Xz/88EPEdZ2dnSotLdXNmzcjrp03b54aGhqUmZkZ0dbX1tZq06ZNT71VQABunAk4/23AKVOmaMWKFcPuz48cOaLPPvtMJSUlys7OVk5OjkpKSlRfXz+i8CeLTZs2adGiRSooKFAoFNKSJUu0Y8eOqOuKiorU3Nyst99+W7m5uSooKFBNTY0+/fRTSVJ+fn7E9V988YWOHj2qyspKjR8/XsFgUDk5OSouLtaqVat09uxZwm8IZzoAiOTLL7/U8uXLVV5erhMnTpja19IF0AGYYv78+QqHw/rzzz/V0dGhLVu2aPXq1ZKkd999l/BzHkAH4HQbF+Mjw5I0bdo0tbS0pHQbgwD81QXQATjAoUOHNHv2bI0bN05ZWVmaPHmy6urqdPz48VE7wwB/SJQOAFj9DXcC/EgwIBSGxUYHAL4ISTp8bn40RJDs56YDAFb8OO7Fla6ADgDSdmX0w4/VSoUIkjkOvAsA8JThTLaokikZBAC0/j6432RJAAEAGJYAAgBWf8MSQAAAhkEAkFYrkiu/c88vY44AAAxvYRAAAFsAAPBTF5CobQACgLTZ/wMdALBq8jwpFDACADAsAQQAYLizQQAAKZJAskTwNF0AAgBWScMgAAAHRBdvF4AAABwhHgkgAADD2x0EAGC4C+CHgo7i/sullQSefO7S4ZOUCMCHwY/330cYdupypHPNFiDOAfbj5+D9et+cBXAGwKqPCJBAEuqULYCh4A/3TGwN7EIHYDT8dARsBRAA4Tf7rIAACATP7HQXMJK5RAAEgWc3vBVAAAQADNcyAiD8jANnAEDRAwIg/ADOnQP8W20jAMIPdACEH8DlLgABEH4ABED4gXo3LgDCn15tKIze+AcIP4BdMgm/Pyyeyntn9bdDhud5HuF3L0TxPu+T3He6dFOuCisZ4/v4WJkQgLXwx/vsT3rf6bidck0GiR5jcwKwHP6RjkM89+yXsxS/CyHZXQA/EsxIsfn1PCJR98q5RmycfheAgzP/d1TW7xsBsPITIsP3n+wvBwUoVsJvCToBAx0A4Sc4Lj1LMuuMLUCcE8LKjwToAAxOLMGnVlx69gATSviRgN1tQICJBCRgt3YCTCCrP9iVQICJI/xgUwKNVVW8C0D4GQe/SCAZcxBgsih6sNsJ0AEAQjQsgQATRLEzLnYlQAdA+Bkfw2Pvy58HwHv+6VGIiZyHkRZ2que+sarKaeHRAbC6+W5+rH8XI5HPjgAIv+9lQMeJAAg/c4cELAggFT8qGZCAFQIUDoXDXPqvC0jUs7IFACRAB2C3/Qf35jaZEnCtBukAgE6ADoAiAfc6POYXAQCACwJg/08XQBdAB0BhMIaQQPjloHQ3zgc70V9cQgDg9LZmtO/L9W/gIQDj+39WI0AARltcwh/fONERGBUAv5QSGLvkwecAKGBAAACAAAysmqOxl2T1BwQAAAjA2uoPgAAMQ/sPCADAEVzrIhEAAB0A+38AizVEBwDgQxK1SJoQAKs/UEN0AACEHwEAEH4zAqD9B9dqJ5GH5M4LgA/iAAvH8PAjwShkJGm4a+QMANgmGR4LBABI4H/Pb3EM2AJARAjSfTtAt2KgA2CSGXtgCwBIIAoOLBEAGMeyBBL97AEmGNgK0AEAsBVAAACAAAA4C0AATCohAXfn8q09e/g2IDB+dADAygEm5xABgK+7AOSGAABY/REA+1fGkvA/6XzSAVBISIAtACABsLb6IwBaZzAuawRAYYHhBQkBABiWdMDqg1NgYG1uYm1H6QCMngPEW2icabglZgRAwYGBuRhO3AjAcBcQb+HRBbgj4gCDgAQaq6roBhwe93+ru0zCBmwJ3B3j/8oBvxgEwLBcEQCAo4EfSRecyWClflJotQl9umyBM10NGQALF1sAugAwF/gnWQARABIgmIa7Xz4IxFYFDNdTgEHgfsFu3dMBIAEwXD8IAAmA4bpxTgB+PhBCApDqeqEDSMNJRQSQqsUCAdANgOHaQABIAAzXBAJAAmB4axigyJEA2As+HQCFAIif7wL4tSj4/DvBRwDGiwQJEHgEQOEgAoKPACik/4MQCD0CoMiiQAwEHgFQjIjBcODTUgAUIGIg8HQA4HhxJ1oofC7i6eGDQAAIAAAQAECS4DwBAfhy3wrMMwJgpQFAAABIGQFQcAAIAID9PwIAAASA0YHtGAKg8IDFAgEwsYCEEQAFCIAAgNUfEAAA20QEkNoJZiUCoAMAn7f/rP5GBMBEA9ABAKs/iwIC4ByAcQZzAsD4AHQArE6ML4sBAgDkCgiAQmVMwY4AaP3SP/iE3//wm4EgbVd8FgHjWwA+Gky7D5wBgMHws/ojAAqBlR/oAMBa+JE+AmBFS4MxIvzuk+F5nmc1tBRbesmR+aADAMIPCICtgIV2n/CPPnwQCAGOKoQfAYx6CCwVYTp1PYQfAYDR7Q7h5wyAgjGwv2cuEQCrI8En/AiA4rEuNOaPM4C0Do1fCzTdOxiCn7745pOAqSr4dC5WP25VCD8C8G0YRrN4XTiXIPxsAdhLG4Xw0wEQUIIPaQ5vAwLhpwOgTQeCzxkAAMFnC0ARAuNug38AZOf+iChbrioAAAAASUVORK5CYII=', 'image/png');

INSERT INTO Poster (name, publisher, artist, price, location, height, width, image, fileType) 
VALUES ('Wrong', 3, 'Make Mikkonen', 40, 'Helsinki', 200, 150, 'iVBORw0KGgoAAAANSUhEUgAAAQAAAAEACAYAAABccqhmAAAABmJLR0QA/wD/AP+gvaeTAAAACXBIWXMAAAsTAAALEwEAmpwYAAAAB3RJTUUH4QUDCjcKttyO5QAAABl0RVh0Q29tbWVudABDcmVhdGVkIHdpdGggR0lNUFeBDhcAAA0+SURBVHja7Z1vaJVlH8e/O+3MbcY6G2NgpghqBattIIFILyaRJsnU2pvpCoWYkThFWm98rTUM1IxAzMr/kKINUzb8y05tKEimqDTUqW9m22xYOrep3b15tsfjOat5POfs3Nfv84F44Hg/et/X9ft+rt91nXO2DM/zPAGASQIMAQACAAAEAAAIAAAQAAAgAABAAACAAAAAAQAAAgAABAAACAAAEAAAIAAAQAAAgAAAAAEAAAIAAAQAAAgAABAAACAAAEAAAIAAAAABAAACAAAEAAAIAAAQAAAgAABAAACAAAAAAQAAAgAABAAACAAAEAAAAgAABAAA9shkCJ6ejIwMSZLneQxGgmisqkrr+3trzx43atdzpGoHQ/jxxx9r3bp1KQ0pArATfNdE4JwAgsGgzp8/r5deeomQEnyEYE0AkjR79mw1NjYiAEKPCP4D5w4B58yZo6amJjU0NIzo+oGBAdXX16usrEy5ubnKzc1VWVmZ1q1bp/v3749YPo8K6NHX7ty5oyVLlui5557TuHHjtHHjRknSH3/8oerqauXn56uwsFCrV6+OktORI0c0d+5chUIh5ebmasaMGTp27FjUv3/lyhVVVFTo2WefVWFhoT788EP19vbGvC9J2rlzp8rLyxUKhTRmzBhNmTJFn3zyiW7fvp2y4Lscfj89o3MdwKVLl/Tqq69qwoQJunjxorKzs4ftAPr7+zVr1iw1NzfH/DtnzpyppqYmBYPBJz4DGHxtwYIFOnDgQMT1DQ0NWrNmjU6fPh3x+vbt2/Xee+/F7GoGCQaDam1t1bRp0yRJ3d3dKikpUUdHR8R177zzjvbv3x9xX57nqbq6Wrt37475HMXFxWppaVFeXh6rvpGuwLkO4OWXX9ayZcvU3t4e8zDwUTZs2KDm5maFQiF988036uzsVGdnp7Zu3aq8vDydOHFCGzZseKr7aW9v16+//qrbt2/ro48+kiS9//77GhgYiHp98+bNEf/fyspKnTlzRn19fbpy5YoWLFig+/fv6/PPPx+6pr6+Xh0dHZo0aZJOnjypv/76SydPntSZM2ei7mXr1q3avXu3XnjhBX3//ffq6upSb2+vWlpa9Nprr+nChQtau3Yt4TfUFTjXAXiep56eHk2dOlX37t3TpUuXNHHixJirdGlpqc6dO6dvv/1WixcvjgrLBx98oLKyMv3yyy9xdwCtra2aPn26JKmjo0PPP//8sK8XFRXp999/H/bf6erqUlFRkSZMmKAbN24MCe+3337TwYMHNXfu3KFrDx48qIqKioj7mj59uk6dOqVwOKzXX3894u++evWqJk+erKlTp6qtrY3wG+kGnBSAJH311VdatmyZKisrtXfv3pghzcnJUV9fn7q6ulRYWBgzbDk5Oert7Y1bAH19fRozZszQnwcCgWFfz8jI0N9//y1JevjwodavX69du3apra0t4h6ysrLU398vScrOzlZ/f796enoUCoWGrunp6VFBQUHEfY0dO/Y/nyUYDGpgYIDwG5GAs58EXLp0qV555RXt27dPx48fH7X7GAz543v6WK8/KpC6ujrV1dXp7NmzUaGNN6Ajcf1IDz4Jvxtj46wAnnnmmaH9+/Lly2Ne8+KLL0qSDh8+HPVnP/74oyRFfZ4gVWzbtm3of2/duqUHDx7o1q1bUddNmjRJkvTTTz9FvP7zzz9HXVtcXCxJOn36tDzPG/Y/wm9HAk5/F+CNN97QvHnzdPHixZh/vnDhQknSypUrtX37dnV3d6u7u1vfffedVq1aFXFNqhkMYl5ensaOHavr16+rpqYm6rrBfX9tba3C4bDu3r2rcDis2traqGsHDxsrKir09ddf69q1a7p37576+/vV1tamLVu2aMaMGYTfkAScPQMY5PLlyyouLh5qmx9/G/DNN99UOByO+XeWl5erqalJWVlZcZ8BPH4/I3190aJFUW/XzZ8/Xz/88EPEdZ2dnSotLdXNmzcjrp03b54aGhqUmZkZ0dbX1tZq06ZNT71VQABunAk4/23AKVOmaMWKFcPuz48cOaLPPvtMJSUlys7OVk5OjkpKSlRfXz+i8CeLTZs2adGiRSooKFAoFNKSJUu0Y8eOqOuKiorU3Nyst99+W7m5uSooKFBNTY0+/fRTSVJ+fn7E9V988YWOHj2qyspKjR8/XsFgUDk5OSouLtaqVat09uxZwm8IZzoAiOTLL7/U8uXLVV5erhMnTpja19IF0AGYYv78+QqHw/rzzz/V0dGhLVu2aPXq1ZKkd999l/BzHkAH4HQbF+Mjw5I0bdo0tbS0pHQbgwD81QXQATjAoUOHNHv2bI0bN05ZWVmaPHmy6urqdPz48VE7wwB/SJQOAFj9DXcC/EgwIBSGxUYHAL4ISTp8bn40RJDs56YDAFb8OO7Fla6ADgDSdmX0w4/VSoUIkjkOvAsA8JThTLaokikZBAC0/j6432RJAAEAGJYAAgBWf8MSQAAAhkEAkFYrkiu/c88vY44AAAxvYRAAAFsAAPBTF5CobQACgLTZ/wMdALBq8jwpFDACADAsAQQAYLizQQAAKZJAskTwNF0AAgBWScMgAAAHRBdvF4AAABwhHgkgAADD2x0EAGC4C+CHgo7i/sullQSefO7S4ZOUCMCHwY/330cYdupypHPNFiDOAfbj5+D9et+cBXAGwKqPCJBAEuqULYCh4A/3TGwN7EIHYDT8dARsBRAA4Tf7rIAACATP7HQXMJK5RAAEgWc3vBVAAAQADNcyAiD8jANnAEDRAwIg/ADOnQP8W20jAMIPdACEH8DlLgABEH4ABED4gXo3LgDCn15tKIze+AcIP4BdMgm/Pyyeyntn9bdDhud5HuF3L0TxPu+T3He6dFOuCisZ4/v4WJkQgLXwx/vsT3rf6bidck0GiR5jcwKwHP6RjkM89+yXsxS/CyHZXQA/EsxIsfn1PCJR98q5RmycfheAgzP/d1TW7xsBsPITIsP3n+wvBwUoVsJvCToBAx0A4Sc4Lj1LMuuMLUCcE8LKjwToAAxOLMGnVlx69gATSviRgN1tQICJBCRgt3YCTCCrP9iVQICJI/xgUwKNVVW8C0D4GQe/SCAZcxBgsih6sNsJ0AEAQjQsgQATRLEzLnYlQAdA+Bkfw2Pvy58HwHv+6VGIiZyHkRZ2que+sarKaeHRAbC6+W5+rH8XI5HPjgAIv+9lQMeJAAg/c4cELAggFT8qGZCAFQIUDoXDXPqvC0jUs7IFACRAB2C3/Qf35jaZEnCtBukAgE6ADoAiAfc6POYXAQCACwJg/08XQBdAB0BhMIaQQPjloHQ3zgc70V9cQgDg9LZmtO/L9W/gIQDj+39WI0AARltcwh/fONERGBUAv5QSGLvkwecAKGBAAACAAAysmqOxl2T1BwQAAAjA2uoPgAAMQ/sPCADAEVzrIhEAAB0A+38AizVEBwDgQxK1SJoQAKs/UEN0AACEHwEAEH4zAqD9B9dqJ5GH5M4LgA/iAAvH8PAjwShkJGm4a+QMANgmGR4LBABI4H/Pb3EM2AJARAjSfTtAt2KgA2CSGXtgCwBIIAoOLBEAGMeyBBL97AEmGNgK0AEAsBVAAACAAAA4C0AATCohAXfn8q09e/g2IDB+dADAygEm5xABgK+7AOSGAABY/REA+1fGkvA/6XzSAVBISIAtACABsLb6IwBaZzAuawRAYYHhBQkBABiWdMDqg1NgYG1uYm1H6QCMngPEW2icabglZgRAwYGBuRhO3AjAcBcQb+HRBbgj4gCDgAQaq6roBhwe93+ru0zCBmwJ3B3j/8oBvxgEwLBcEQCAo4EfSRecyWClflJotQl9umyBM10NGQALF1sAugAwF/gnWQARABIgmIa7Xz4IxFYFDNdTgEHgfsFu3dMBIAEwXD8IAAmA4bpxTgB+PhBCApDqeqEDSMNJRQSQqsUCAdANgOHaQABIAAzXBAJAAmB4axigyJEA2As+HQCFAIif7wL4tSj4/DvBRwDGiwQJEHgEQOEgAoKPACik/4MQCD0CoMiiQAwEHgFQjIjBcODTUgAUIGIg8HQA4HhxJ1oofC7i6eGDQAAIAAAQAECS4DwBAfhy3wrMMwJgpQFAAABIGQFQcAAIAID9PwIAAASA0YHtGAKg8IDFAgEwsYCEEQAFCIAAgNUfEAAA20QEkNoJZiUCoAMAn7f/rP5GBMBEA9ABAKs/iwIC4ByAcQZzAsD4AHQArE6ML4sBAgDkCgiAQmVMwY4AaP3SP/iE3//wm4EgbVd8FgHjWwA+Gky7D5wBgMHws/ojAAqBlR/oAMBa+JE+AmBFS4MxIvzuk+F5nmc1tBRbesmR+aADAMIPCICtgIV2n/CPPnwQCAGOKoQfAYx6CCwVYTp1PYQfAYDR7Q7h5wyAgjGwv2cuEQCrI8En/AiA4rEuNOaPM4C0Do1fCzTdOxiCn7745pOAqSr4dC5WP25VCD8C8G0YRrN4XTiXIPxsAdhLG4Xw0wEQUIIPaQ5vAwLhpwOgTQeCzxkAAMFnC0ARAuNug38AZOf+iChbrioAAAAASUVORK5CYII=', 'image/png');

INSERT INTO Poster (name, publisher, artist, price, location, height, width, sold) 
VALUES ('Wrong', 3, 'Make Mikkonen', 40, 'Helsinki', 200, 150, TRUE);

INSERT INTO Poster (name, publisher, artist, price, location, height, width, sold) 
VALUES ('Wrong', 3, 'Make Mikkonen', 40, 'Helsinki', 200, 150, TRUE);

INSERT INTO Poster (name, publisher, artist, price, location, height, width, sold) 
VALUES ('Wrong', 3, 'Make Mikkonen', 40, 'Helsinki', 200, 150, TRUE);

INSERT INTO Poster (name, publisher, artist, price, location, height, width, sold) 
VALUES ('Wrong', 3, 'Make Mikkonen', 40, 'Helsinki', 200, 150, TRUE); 

INSERT INTO Poster (name, publisher, artist, price, location, height, width, sold) 
VALUES ('Young and beautiful', 2, 'Liisa Laatu', 15, 'Espoo', 100, 70, TRUE);

INSERT INTO Poster (name, publisher, artist, price, location, height, width, sold) 
VALUES ('Young and beautiful', 2, 'Liisa Laatu', 15, 'Espoo', 100, 70, TRUE); 

INSERT INTO Category (name) VALUES ('modernism');
INSERT INTO Category (name) VALUES ('post-modernism');
INSERT INTO Category (name) VALUES ('postminimalism');
INSERT INTO Category (name) VALUES ('pointilism');
INSERT INTO Category (name) VALUES ('art deco');
INSERT INTO Category (name) VALUES ('futurism');
INSERT INTO Category (name) VALUES ('cubism');
INSERT INTO Category (name) VALUES ('impressionism');
INSERT INTO Category (name) VALUES ('constructivism');
INSERT INTO Category (name) VALUES ('surrealism');
INSERT INTO Category (name) VALUES ('art nouveau');

INSERT INTO PosterCategory (category, poster) VALUES ('cubism', 1);
INSERT INTO PosterCategory (category, poster) VALUES ('modernism', 1);
INSERT INTO PosterCategory (category, poster) VALUES ('surrealism', 2);
INSERT INTO PosterCategory (category, poster) VALUES ('futurism', 2);
INSERT INTO PosterCategory (category, poster) VALUES ('modernism', 2);
INSERT INTO PosterCategory (category, poster) VALUES ('impressionism', 3);

INSERT INTO Purchase (poster, username) VALUES (2, 1);
INSERT INTO Purchase (poster, username) VALUES (3, 2);
INSERT INTO Purchase (poster, username) VALUES (1, 3);
